{"iteration": 0, "iter_time": 198.9266357421875, "data_time": 107.5419921875, "lr": 0.0, "wd": 0.03999999999999998, "mom": 0.992, "last_layer_lr": 0.0, "total_loss": 18.055782318115234, "local_batch_size": 32.0, "global_batch_size": 32.0, "dino_local_crops_loss": 11.110260009765625, "dino_local_loss_weight": 1.0, "dino_global_crops_loss": 11.109375953674316, "koleo_loss": 6.9375, "ibot_loss": 5.554996490478516, "backbone_grad_norm": 587.9088134765625, "dino_head_grad_norm": 0.015940813347697258, "ibot_head_grad_norm": 0.25721076130867004}
{"iteration": 10, "iter_time": 18.8912353515625, "data_time": 9.780364036560059, "lr": 2.8286534170195524e-07, "wd": 0.040000001421223064, "mom": 0.9920000000315827, "last_layer_lr": 0.0, "total_loss": 18.055782318115234, "local_batch_size": 32.0, "global_batch_size": 32.0, "dino_local_crops_loss": 11.110251426696777, "dino_local_loss_weight": 1.0, "dino_global_crops_loss": 11.109296798706055, "koleo_loss": 6.96875, "ibot_loss": 5.553806304931641, "backbone_grad_norm": 470.9595947265625, "dino_head_grad_norm": 0.015940813347697258, "ibot_head_grad_norm": 0.213044211268425}
{"iteration": 0, "iter_time": 63.70648193359375, "data_time": 24.83954429626465, "lr": 0.0, "wd": 0.03999999999999998, "mom": 0.992, "last_layer_lr": 0.0, "total_loss": 18.040056228637695, "local_batch_size": 16.0, "global_batch_size": 16.0, "dino_local_crops_loss": 11.110182762145996, "dino_local_loss_weight": 1.0, "dino_global_crops_loss": 11.109668731689453, "koleo_loss": 6.875, "ibot_loss": 5.554930686950684, "backbone_grad_norm": 482.8113708496094, "dino_head_grad_norm": 0.015882717445492744, "ibot_head_grad_norm": 0.4131968021392822}
{"iteration": 0, "iter_time": 50.06911849975586, "data_time": 24.839893341064453, "lr": 0.0, "wd": 0.03999999999999998, "mom": 0.992, "last_layer_lr": 0.0, "total_loss": 18.040056228637695, "local_batch_size": 16.0, "global_batch_size": 16.0, "dino_local_crops_loss": 11.110182762145996, "dino_local_loss_weight": 1.0, "dino_global_crops_loss": 11.109668731689453, "koleo_loss": 6.875, "ibot_loss": 5.554930686950684, "backbone_grad_norm": 482.8113708496094, "dino_head_grad_norm": 0.015882717445492744, "ibot_head_grad_norm": 0.4131968021392822}
{"iteration": 10, "iter_time": 7.037059307098389, "data_time": 4.11369514465332, "lr": 2.000160012801024e-07, "wd": 0.040000001421223064, "mom": 0.9920000000315827, "last_layer_lr": 0.0, "total_loss": 18.054454803466797, "local_batch_size": 16.0, "global_batch_size": 16.0, "dino_local_crops_loss": 11.11018180847168, "dino_local_loss_weight": 1.0, "dino_global_crops_loss": 11.10966682434082, "koleo_loss": 6.9375, "ibot_loss": 5.553926467895508, "backbone_grad_norm": 442.10552978515625, "dino_head_grad_norm": 0.015869688242673874, "ibot_head_grad_norm": 0.2606464624404907}
{"iteration": 20, "iter_time": 4.1920671463012695, "data_time": 3.5169529914855957, "lr": 4.000320025602048e-07, "wd": 0.04000000568489204, "mom": 0.9920000001263309, "last_layer_lr": 0.0, "total_loss": 18.054454803466797, "local_batch_size": 16.0, "global_batch_size": 16.0, "dino_local_crops_loss": 11.110164642333984, "dino_local_loss_weight": 1.0, "dino_global_crops_loss": 11.10966682434082, "koleo_loss": 6.96875, "ibot_loss": 5.550845146179199, "backbone_grad_norm": 457.2012939453125, "dino_head_grad_norm": 0.01585703343153, "ibot_head_grad_norm": 0.23939009010791779}
{"iteration": 30, "iter_time": 5.757253170013428, "data_time": 5.071742057800293, "lr": 8.000640051204096e-07, "wd": 0.04000002273956804, "mom": 0.9920000005053238, "last_layer_lr": 0.0, "total_loss": 18.03202247619629, "local_batch_size": 16.0, "global_batch_size": 16.0, "dino_local_crops_loss": 11.110095024108887, "dino_local_loss_weight": 1.0, "dino_global_crops_loss": 11.109613418579102, "koleo_loss": 6.875, "ibot_loss": 5.545958995819092, "backbone_grad_norm": 457.20416259765625, "dino_head_grad_norm": 0.015770690515637398, "ibot_head_grad_norm": 0.18131224811077118}
{"iteration": 0, "iter_time": 55.85837173461914, "data_time": 22.070539474487305, "lr": 0.0, "wd": 0.03999999999999998, "mom": 0.992, "last_layer_lr": 0.0, "total_loss": 18.43730926513672, "local_batch_size": 16.0, "global_batch_size": 16.0, "dino_local_crops_loss": 11.110493659973145, "dino_local_loss_weight": 1.0, "dino_global_crops_loss": 11.109899520874023, "koleo_loss": 8.875, "ibot_loss": 5.553443908691406, "backbone_grad_norm": 1997.6424560546875, "dino_head_grad_norm": 0.017974577844142914, "ibot_head_grad_norm": 2.4481513500213623}
{"iteration": 10, "iter_time": 7.586801528930664, "data_time": 4.2557053565979, "lr": 2.000160012801024e-07, "wd": 0.040000001421223064, "mom": 0.9920000000315827, "last_layer_lr": 0.0, "total_loss": 18.45560073852539, "local_batch_size": 16.0, "global_batch_size": 16.0, "dino_local_crops_loss": 11.11048412322998, "dino_local_loss_weight": 1.0, "dino_global_crops_loss": 11.109899520874023, "koleo_loss": 9.0, "ibot_loss": 5.552496910095215, "backbone_grad_norm": 1644.820556640625, "dino_head_grad_norm": 0.017922552302479744, "ibot_head_grad_norm": 1.8056485652923584}
{"iteration": 20, "iter_time": 3.7908520698547363, "data_time": 3.4714865684509277, "lr": 4.000320025602048e-07, "wd": 0.04000000568489204, "mom": 0.9920000001263309, "last_layer_lr": 0.0, "total_loss": 18.445404052734375, "local_batch_size": 16.0, "global_batch_size": 16.0, "dino_local_crops_loss": 11.110352516174316, "dino_local_loss_weight": 1.0, "dino_global_crops_loss": 11.109811782836914, "koleo_loss": 8.9375, "ibot_loss": 5.548381328582764, "backbone_grad_norm": 1507.1708984375, "dino_head_grad_norm": 0.017572499811649323, "ibot_head_grad_norm": 1.536475419998169}
{"iteration": 30, "iter_time": 5.35370397567749, "data_time": 5.00498104095459, "lr": 8.000640051204096e-07, "wd": 0.04000002273956804, "mom": 0.9920000005053238, "last_layer_lr": 0.0, "total_loss": 18.367551803588867, "local_batch_size": 16.0, "global_batch_size": 16.0, "dino_local_crops_loss": 11.110206604003906, "dino_local_loss_weight": 1.0, "dino_global_crops_loss": 11.109694480895996, "koleo_loss": 8.5625, "ibot_loss": 5.544964790344238, "backbone_grad_norm": 1137.6397705078125, "dino_head_grad_norm": 0.017005285248160362, "ibot_head_grad_norm": 1.3242753744125366}
{"iteration": 40, "iter_time": 5.652963161468506, "data_time": 5.3315582275390625, "lr": 1.2000960076806145e-06, "wd": 0.04000005116402677, "mom": 0.9920000011369784, "last_layer_lr": 0.0, "total_loss": 18.310379028320312, "local_batch_size": 16.0, "global_batch_size": 16.0, "dino_local_crops_loss": 11.110055923461914, "dino_local_loss_weight": 1.0, "dino_global_crops_loss": 11.109512329101562, "koleo_loss": 8.3125, "ibot_loss": 5.538604736328125, "backbone_grad_norm": 899.328857421875, "dino_head_grad_norm": 0.01644398272037506, "ibot_head_grad_norm": 0.8450356125831604}
{"iteration": 50, "iter_time": 5.202044486999512, "data_time": 4.877490043640137, "lr": 1.6001280102408192e-06, "wd": 0.04000009095826651, "mom": 0.9920000020212948, "last_layer_lr": 0.0, "total_loss": 18.27318572998047, "local_batch_size": 16.0, "global_batch_size": 16.0, "dino_local_crops_loss": 11.10984992980957, "dino_local_loss_weight": 1.0, "dino_global_crops_loss": 11.109313011169434, "koleo_loss": 8.125, "ibot_loss": 5.538604736328125, "backbone_grad_norm": 737.2973022460938, "dino_head_grad_norm": 0.01569489575922489, "ibot_head_grad_norm": 0.8396245837211609}
